scope;kind;label;permission_name;permission_id;datastore_name;datastore_id;offering_name;offering_id;endpoint_name;endpoint_id;service_type;requested_start;requested_end;first_activity;last_activity;coverage_status;coverage_ratio;active_days_count;temporal_points_count;coverage_interpretation;hits;data_transfer
producer;endpoint;Diffusion ep-68f1b · IGN_Recette;;;IGN_Recette;ds-79361f7e-71dd-4b77-952f-4047eeade1b0;;;Diffusion ep-68f1b;ep-68f1bc04-4bdb-4f4b-a16c-48bca70841b7;WMS-VECTOR;2026-08-23T00:00:00.000Z;2026-09-22T00:00:00.000Z;2026-08-23T00:00:00.000Z;2026-09-21T00:00:00.000Z;complete_coverage;0.9666666666666667;30;30;Activité observée du 2026-08-23T00:00:00.000Z au 2026-09-21T00:00:00.000Z, soit 30 jour(s) actif(s) sur une période demandée de 30 jour(s). Cette valeur reflète l'activité réelle constatée, pas une limite technique de l'API.;368;81656
producer;endpoint;Diffusion ep-16826 · IGN_Recette;;;IGN_Recette;ds-79361f7e-71dd-4b77-952f-4047eeade1b0;;;Diffusion ep-16826;ep-16826d6d-5e8d-4d8c-9e55-20f435fc9286;WMS-VECTOR;2026-08-23T00:00:00.000Z;2026-09-22T00:00:00.000Z;2026-08-23T00:00:00.000Z;2026-09-21T00:00:00.000Z;complete_coverage;0.9666666666666667;30;30;Activité observée du 2026-08-23T00:00:00.000Z au 2026-09-21T00:00:00.000Z, soit 30 jour(s) actif(s) sur une période demandée de 30 jour(s). Cette valeur reflète l'activité réelle constatée, pas une limite technique de l'API.;842;201377
producer;offering;Couche IGN_Recette-0 · IGN_Recette;;;IGN_Recette;ds-79361f7e-71dd-4b77-952f-4047eeade1b0;Couche IGN_Recette-0;off-7deb543c-389f-4b52-ba6f-adcb38ca50c6;Diffusion;ep-68f1bc04-4bdb-4f4b-a16c-48bca70841b7;WMS-VECTOR;2026-08-23T00:00:00.000Z;2026-09-22T00:00:00.000Z;;;no_usage;;0;0;Aucun usage n'a été enregistré sur la période demandée.;0;0
producer;offering;Couche IGN_Recette-1 · IGN_Recette;;;IGN_Recette;ds-79361f7e-71dd-4b77-952f-4047eeade1b0;Couche IGN_Recette-1;off-df6bddce-ad4d-4b04-8758-42a66a8b92e4;Diffusion;ep-16826d6d-5e8d-4d8c-9e55-20f435fc9286;WMS-RASTER;2026-08-23T00:00:00.000Z;2026-09-22T00:00:00.000Z;;;no_temporal_detail;;;0;Le détail temporel a été demandé mais l'API n'a renvoyé aucun point : seul le total sur la période est exploitable.;37;4204
producer;offering;Couche IGN_Recette-2 · IGN_Recette;;;IGN_Recette;ds-79361f7e-71dd-4b77-952f-4047eeade1b0;Couche IGN_Recette-2;off-c2d02461-5493-4862-8417-f911b2f21640;Diffusion;ep-16826d6d-5e8d-4d8c-9e55-20f435fc9286;WFS;2026-08-23T00:00:00.000Z;2026-09-22T00:00:00.000Z;;;no_usage;;0;0;Aucun usage n'a été enregistré sur la période demandée.;0;0
producer;offering;Couche IGN_Recette-3 · IGN_Recette;;;IGN_Recette;ds-79361f7e-71dd-4b77-952f-4047eeade1b0;Couche IGN_Recette-3;off-df08c836-5954-4154-ad4b-ed01a81d32a0;Diffusion;ep-16826d6d-5e8d-4d8c-9e55-20f435fc9286;WMS-VECTOR;2026-08-23T00:00:00.000Z;2026-09-22T00:00:00.000Z;;;not_connected;;;0;Cet objet n'est pas raccordé à la route Stats (réponse HTTP 404).;0;0
producer;offering;Couche IGN_Recette-4 · IGN_Recette;;;IGN_Recette;ds-79361f7e-71dd-4b77-952f-4047eeade1b0;Couche IGN_Recette-4;off-20bbade0-3194-4709-a27c-3be57c72c8b1;Diffusion;ep-16826d6d-5e8d-4d8c-9e55-20f435fc9286;WMTS-TMS;2026-08-23T00:00:00.000Z;2026-09-22T00:00:00.000Z;2026-09-05T00:00:00.000Z;2026-09-07T00:00:00.000Z;partial_coverage;0.06666666666666667;3;3;Activité observée du 2026-09-05T00:00:00.000Z au 2026-09-07T00:00:00.000Z, soit 3 jour(s) actif(s) sur une période demandée de 30 jour(s). Cette valeur reflète l'activité réelle constatée, pas une limite technique de l'API.;15;3225
producer;offering;Couche IGN_Recette-5 · IGN_Recette;;;IGN_Recette;ds-79361f7e-71dd-4b77-952f-4047eeade1b0;Couche IGN_Recette-5;off-298d31f8-ea3e-41ae-b851-82d8895805d4;Diffusion;ep-68f1bc04-4bdb-4f4b-a16c-48bca70841b7;WMS-RASTER;2026-08-23T00:00:00.000Z;2026-09-22T00:00:00.000Z;;;no_usage;;0;0;Aucun usage n'a été enregistré sur la période demandée.;0;0
producer;offering;Couche IGN_Recette-6 · IGN_Recette;;;IGN_Recette;ds-79361f7e-71dd-4b77-952f-4047eeade1b0;Couche IGN_Recette-6;off-fdfe5f95-0ea8-4d0d-ba47-ded06adffdff;Diffusion;ep-16826d6d-5e8d-4d8c-9e55-20f435fc9286;WMTS-TMS;2026-08-23T00:00:00.000Z;2026-09-22T00:00:00.000Z;;;no_usage;;0;0;Aucun usage n'a été enregistré sur la période demandée.;0;0
producer;offering;Couche IGN_Recette-7 · IGN_Recette;;;IGN_Recette;ds-79361f7e-71dd-4b77-952f-4047eeade1b0;Couche IGN_Recette-7;off-08a7ecbb-9164-41e9-81f9-4daef34b1f2f;Diffusion;ep-16826d6d-5e8d-4d8c-9e55-20f435fc9286;WMS-RASTER;2026-08-23T00:00:00.000Z;2026-09-22T00:00:00.000Z;2026-09-04T00:00:00.000Z;2026-09-08T00:00:00.000Z;partial_coverage;0.13333333333333333;5;5;Activité observée du 2026-09-04T00:00:00.000Z au 2026-09-08T00:00:00.000Z, soit 5 jour(s) actif(s) sur une période demandée de 30 jour(s). Cette valeur reflète l'activité réelle constatée, pas une limite technique de l'API.;73;19142
producer;offering;Couche IGN_Recette-8 · IGN_Recette;;;IGN_Recette;ds-79361f7e-71dd-4b77-952f-4047eeade1b0;Couche IGN_Recette-8;off-9f8fea34-2c1d-497f-8680-0bac50c60d09;Diffusion;ep-68f1bc04-4bdb-4f4b-a16c-48bca70841b7;WMS-RASTER;2026-08-23T00:00:00.000Z;2026-09-22T00:00:00.000Z;2026-08-23T00:00:00.000Z;2026-09-21T00:00:00.000Z;complete_coverage;0.9666666666666667;30;30;Activité observée du 2026-08-23T00:00:00.000Z au 2026-09-21T00:00:00.000Z, soit 30 jour(s) actif(s) sur une période demandée de 30 jour(s). Cette valeur reflète l'activité réelle constatée, pas une limite technique de l'API.;184;42308
producer;offering;Couche IGN_Recette-9 · IGN_Recette;;;IGN_Recette;ds-79361f7e-71dd-4b77-952f-4047eeade1b0;Couche IGN_Recette-9;off-1958817c-f226-4500-850b-4632943c228d;Diffusion;ep-68f1bc04-4bdb-4f4b-a16c-48bca70841b7;WMTS-TMS;2026-08-23T00:00:00.000Z;2026-09-22T00:00:00.000Z;;;no_temporal_detail;;;0;Le détail temporel a été demandé mais l'API n'a renvoyé aucun point : seul le total sur la période est exploitable.;28;2493
producer;offering;Couche IGN_Recette-10 · IGN_Recette;;;IGN_Recette;ds-79361f7e-71dd-4b77-952f-4047eeade1b0;Couche IGN_Recette-10;off-765023b9-50c7-4bba-a1c1-8b8952c268f3;Diffusion;ep-68f1bc04-4bdb-4f4b-a16c-48bca70841b7;WMTS-TMS;2026-08-23T00:00:00.000Z;2026-09-22T00:00:00.000Z;;;no_temporal_detail;;;0;Le détail temporel a été demandé mais l'API n'a renvoyé aucun point : seul le total sur la période est exploitable.;23;867
producer;offering;Couche IGN_Recette-11 · IGN_Recette;;;IGN_Recette;ds-79361f7e-71dd-4b77-952f-4047eeade1b0;Couche IGN_Recette-11;off-cb853890-0f58-4600-8821-619ff3ac5c49;Diffusion;ep-16826d6d-5e8d-4d8c-9e55-20f435fc9286;WMS-RASTER;2026-08-23T00:00:00.000Z;2026-09-22T00:00:00.000Z;;;no_usage;;0;0;Aucun usage n'a été enregistré sur la période demandée.;0;0
producer;offering;Couche IGN_Recette-12 · IGN_Recette;;;IGN_Recette;ds-79361f7e-71dd-4b77-952f-4047eeade1b0;Couche IGN_Recette-12;off-706a1109-c1de-49df-9e04-1c0c813ec566;Diffusion;ep-68f1bc04-4bdb-4f4b-a16c-48bca70841b7;WMS-RASTER;2026-08-23T00:00:00.000Z;2026-09-22T00:00:00.000Z;2026-09-05T00:00:00.000Z;2026-09-10T00:00:00.000Z;partial_coverage;0.16666666666666666;6;6;Activité observée du 2026-09-05T00:00:00.000Z au 2026-09-10T00:00:00.000Z, soit 6 jour(s) actif(s) sur une période demandée de 30 jour(s). Cette valeur reflète l'activité réelle constatée, pas une limite technique de l'API.;65;17329
producer;offering;Couche IGN_Recette-13 · IGN_Recette;;;IGN_Recette;ds-79361f7e-71dd-4b77-952f-4047eeade1b0;Couche IGN_Recette-13;off-da8f0963-dd4d-4375-85cc-89c69f96ad6b;Diffusion;ep-16826d6d-5e8d-4d8c-9e55-20f435fc9286;WMS-VECTOR;2026-08-23T00:00:00.000Z;2026-09-22T00:00:00.000Z;2026-08-23T00:00:00.000Z;2026-09-21T00:00:00.000Z;complete_coverage;0.9666666666666667;27;27;Activité observée du 2026-08-23T00:00:00.000Z au 2026-09-21T00:00:00.000Z, soit 27 jour(s) actif(s) sur une période demandée de 30 jour(s). Cette valeur reflète l'activité réelle constatée, pas une limite technique de l'API.;136;32376
producer;offering;Couche IGN_Recette-14 · IGN_Recette;;;IGN_Recette;ds-79361f7e-71dd-4b77-952f-4047eeade1b0;Couche IGN_Recette-14;off-db652b68-ea85-4c74-a796-bb59849a86c9;Diffusion;ep-16826d6d-5e8d-4d8c-9e55-20f435fc9286;WMS-VECTOR;2026-08-23T00:00:00.000Z;2026-09-22T00:00:00.000Z;;;no_usage;;0;0;Aucun usage n'a été enregistré sur la période demandée.;0;0
producer;offering;Couche IGN_Recette-15 · IGN_Recette;;;IGN_Recette;ds-79361f7e-71dd-4b77-952f-4047eeade1b0;Couche IGN_Recette-15;off-27621b3e-fb05-4ae8-b093-b44aedc4b4bd;Diffusion;ep-16826d6d-5e8d-4d8c-9e55-20f435fc9286;WMS-VECTOR;2026-08-23T00:00:00.000Z;2026-09-22T00:00:00.000Z;;;no_usage;;0;0;Aucun usage n'a été enregistré sur la période demandée.;0;0
producer;offering;Couche IGN_Recette-16 · IGN_Recette;;;IGN_Recette;ds-79361f7e-71dd-4b77-952f-4047eeade1b0;Couche IGN_Recette-16;off-d16f2397-dc1a-4973-a6ab-e274c4b7ab69;Diffusion;ep-16826d6d-5e8d-4d8c-9e55-20f435fc9286;WMTS-TMS;2026-08-23T00:00:00.000Z;2026-09-22T00:00:00.000Z;;;no_usage;;0;0;Aucun usage n'a été enregistré sur la période demandée.;0;0
producer;producer_permission;Couche IGN_Recette-12 + Couche IGN_Recette-15 + Couche IGN_Recette-9 · IGN_Recette;Couche IGN_Recette-12 + Couche IGN_Recette-15 + Couche IGN_Recette-9;perm-592dc950-7787-411b-b6a4-be09c18ee748;IGN_Recette;ds-79361f7e-71dd-4b77-952f-4047eeade1b0;;;;;;2026-08-23T00:00:00.000Z;2026-09-22T00:00:00.000Z;2026-08-23T00:00:00.000Z;2026-09-21T00:00:00.000Z;complete_coverage;0.9666666666666667;30;30;Activité observée du 2026-08-23T00:00:00.000Z au 2026-09-21T00:00:00.000Z, soit 30 jour(s) actif(s) sur une période demandée de 30 jour(s). Cette valeur reflète l'activité réelle constatée, pas une limite technique de l'API.;165;38743
producer;producer_permission;Couche IGN_Recette-14 + Couche IGN_Recette-8 + Couche IGN_Recette-11 · IGN_Recette;Couche IGN_Recette-14 + Couche IGN_Recette-8 + Couche IGN_Recette-11;perm-7d3377fd-4a88-4e1e-9019-6013818ac76a;IGN_Recette;ds-79361f7e-71dd-4b77-952f-4047eeade1b0;;;;;;2026-08-23T00:00:00.000Z;2026-09-22T00:00:00.000Z;2026-08-23T00:00:00.000Z;2026-09-20T00:00:00.000Z;partial_coverage;0.9333333333333333;27;27;Activité observée du 2026-08-23T00:00:00.000Z au 2026-09-20T00:00:00.000Z, soit 27 jour(s) actif(s) sur une période demandée de 30 jour(s). Cette valeur reflète l'activité réelle constatée, pas une limite technique de l'API.;113;26690
producer;producer_permission;Couche IGN_Recette-12 + Couche IGN_Recette-10 + Couche IGN_Recette-14 · IGN_Recette;Couche IGN_Recette-12 + Couche IGN_Recette-10 + Couche IGN_Recette-14;perm-1d5150db-0bef-407a-90fe-bc301de46426;IGN_Recette;ds-79361f7e-71dd-4b77-952f-4047eeade1b0;;;;;;2026-08-23T00:00:00.000Z;2026-09-22T00:00:00.000Z;2026-08-23T00:00:00.000Z;2026-09-20T00:00:00.000Z;partial_coverage;0.9333333333333333;23;23;Activité observée du 2026-08-23T00:00:00.000Z au 2026-09-20T00:00:00.000Z, soit 23 jour(s) actif(s) sur une période demandée de 30 jour(s). Cette valeur reflète l'activité réelle constatée, pas une limite technique de l'API.;112;24541
producer;endpoint;Diffusion ep-95056 · IGN_Prod;;;IGN_Prod;ds-e8e54917-41a5-412c-997d-8e754468d105;;;Diffusion ep-95056;ep-950566ec-667c-4667-a26a-43377bee38d5;WFS;2026-08-23T00:00:00.000Z;2026-09-22T00:00:00.000Z;2026-08-23T00:00:00.000Z;2026-09-21T00:00:00.000Z;complete_coverage;0.9666666666666667;30;30;Activité observée du 2026-08-23T00:00:00.000Z au 2026-09-21T00:00:00.000Z, soit 30 jour(s) actif(s) sur une période demandée de 30 jour(s). Cette valeur reflète l'activité réelle constatée, pas une limite technique de l'API.;894;216826
producer;endpoint;Diffusion ep-f48bc · IGN_Prod;;;IGN_Prod;ds-e8e54917-41a5-412c-997d-8e754468d105;;;Diffusion ep-f48bc;ep-f48bc594-2291-45b1-a8c3-9045747ba99d;WFS;2026-08-23T00:00:00.000Z;2026-09-22T00:00:00.000Z;2026-08-23T00:00:00.000Z;2026-09-21T00:00:00.000Z;complete_coverage;0.9666666666666667;30;30;Activité observée du 2026-08-23T00:00:00.000Z au 2026-09-21T00:00:00.000Z, soit 30 jour(s) actif(s) sur une période demandée de 30 jour(s). Cette valeur reflète l'activité réelle constatée, pas une limite technique de l'API.;791;181622
producer;offering;Couche IGN_Prod-0 · IGN_Prod;;;IGN_Prod;ds-e8e54917-41a5-412c-997d-8e754468d105;Couche IGN_Prod-0;off-a96d9215-3fa4-49ad-9c9a-39fa608aba4e;Diffusion;ep-f48bc594-2291-45b1-a8c3-9045747ba99d;WFS;2026-08-23T00:00:00.000Z;2026-09-22T00:00:00.000Z;2026-09-04T00:00:00.000Z;2026-09-06T00:00:00.000Z;partial_coverage;0.06666666666666667;3;3;Activité observée du 2026-09-04T00:00:00.000Z au 2026-09-06T00:00:00.000Z, soit 3 jour(s) actif(s) sur une période demandée de 30 jour(s). Cette valeur reflète l'activité réelle constatée, pas une limite technique de l'API.;43;8827
producer;offering;Couche IGN_Prod-1 · IGN_Prod;;;IGN_Prod;ds-e8e54917-41a5-412c-997d-8e754468d105;Couche IGN_Prod-1;off-f96fae67-65e6-41ad-bd8e-657a9445cf71;Diffusion;ep-950566ec-667c-4667-a26a-43377bee38d5;WMS-VECTOR;2026-08-23T00:00:00.000Z;2026-09-22T00:00:00.000Z;2026-09-05T00:00:00.000Z;2026-09-08T00:00:00.000Z;partial_coverage;0.1;4;4;Activité observée du 2026-09-05T00:00:00.000Z au 2026-09-08T00:00:00.000Z, soit 4 jour(s) actif(s) sur une période demandée de 30 jour(s). Cette valeur reflète l'activité réelle constatée, pas une limite technique de l'API.;56;17000
producer;offering;Couche IGN_Prod-2 · IGN_Prod;;;IGN_Prod;ds-e8e54917-41a5-412c-997d-8e754468d105;Couche IGN_Prod-2;off-30389255-b015-461a-9649-5ad3c3a18711;Diffusion;ep-f48bc594-2291-45b1-a8c3-9045747ba99d;WMTS-TMS;2026-08-23T00:00:00.000Z;2026-09-22T00:00:00.000Z;;;no_temporal_detail;;;0;Le détail temporel a été demandé mais l'API n'a renvoyé aucun point : seul le total sur la période est exploitable.;28;3325
producer;offering;Couche IGN_Prod-3 · IGN_Prod;;;IGN_Prod;ds-e8e54917-41a5-412c-997d-8e754468d105;Couche IGN_Prod-3;off-fd9c9e7d-e61d-4054-88fe-ead7b7abb803;Diffusion;ep-f48bc594-2291-45b1-a8c3-9045747ba99d;WMS-VECTOR;2026-08-23T00:00:00.000Z;2026-09-22T00:00:00.000Z;2026-09-05T00:00:00.000Z;2026-09-12T00:00:00.000Z;partial_coverage;0.23333333333333334;8;8;Activité observée du 2026-09-05T00:00:00.000Z au 2026-09-12T00:00:00.000Z, soit 8 jour(s) actif(s) sur une période demandée de 30 jour(s). Cette valeur reflète l'activité réelle constatée, pas une limite technique de l'API.;127;36693
producer;offering;Couche IGN_Prod-4 · IGN_Prod;;;IGN_Prod;ds-e8e54917-41a5-412c-997d-8e754468d105;Couche IGN_Prod-4;off-1f2f0238-a1af-422c-bddc-33673e409475;Diffusion;ep-f48bc594-2291-45b1-a8c3-9045747ba99d;WMS-RASTER;2026-08-23T00:00:00.000Z;2026-09-22T00:00:00.000Z;;;error;;;0;L'appel a échoué : Service temporairement indisponible (503).;0;0
producer;offering;Couche IGN_Prod-5 · IGN_Prod;;;IGN_Prod;ds-e8e54917-41a5-412c-997d-8e754468d105;Couche IGN_Prod-5;off-e300fb69-1340-4612-a908-ed3a4e5de2e3;Diffusion;ep-f48bc594-2291-45b1-a8c3-9045747ba99d;WMS-VECTOR;2026-08-23T00:00:00.000Z;2026-09-22T00:00:00.000Z;2026-09-06T00:00:00.000Z;2026-09-10T00:00:00.000Z;partial_coverage;0.13333333333333333;5;5;Activité observée du 2026-09-06T00:00:00.000Z au 2026-09-10T00:00:00.000Z, soit 5 jour(s) actif(s) sur une période demandée de 30 jour(s). Cette valeur reflète l'activité réelle constatée, pas une limite technique de l'API.;82;17055
producer;offering;Couche IGN_Prod-6 · IGN_Prod;;;IGN_Prod;ds-e8e54917-41a5-412c-997d-8e754468d105;Couche IGN_Prod-6;off-0cb5d0b2-35da-4efb-bc51-5af9402e6976;Diffusion;ep-950566ec-667c-4667-a26a-43377bee38d5;WMS-VECTOR;2026-08-23T00:00:00.000Z;2026-09-22T00:00:00.000Z;2026-08-23T00:00:00.000Z;2026-09-21T00:00:00.000Z;complete_coverage;0.9666666666666667;30;30;Activité observée du 2026-08-23T00:00:00.000Z au 2026-09-21T00:00:00.000Z, soit 30 jour(s) actif(s) sur une période demandée de 30 jour(s). Cette valeur reflète l'activité réelle constatée, pas une limite technique de l'API.;183;47490
producer;offering;Couche IGN_Prod-7 · IGN_Prod;;;IGN_Prod;ds-e8e54917-41a5-412c-997d-8e754468d105;Couche IGN_Prod-7;off-7e252d88-20cd-4119-bf90-30bda0cb94a9;Diffusion;ep-f48bc594-2291-45b1-a8c3-9045747ba99d;WFS;2026-08-23T00:00:00.000Z;2026-09-22T00:00:00.000Z;;;not_connected;;;0;Cet objet n'est pas raccordé à la route Stats (réponse HTTP 404).;0;0
producer;offering;Couche IGN_Prod-8 · IGN_Prod;;;IGN_Prod;ds-e8e54917-41a5-412c-997d-8e754468d105;Couche IGN_Prod-8;off-60dac200-64f2-4481-99b9-cbc28bc41176;Diffusion;ep-950566ec-667c-4667-a26a-43377bee38d5;WMTS-TMS;2026-08-23T00:00:00.000Z;2026-09-22T00:00:00.000Z;;;no_usage;;0;0;Aucun usage n'a été enregistré sur la période demandée.;0;0
producer;offering;Couche IGN_Prod-9 · IGN_Prod;;;IGN_Prod;ds-e8e54917-41a5-412c-997d-8e754468d105;Couche IGN_Prod-9;off-47f626a5-ea8c-4058-9731-9f4f3cc47b74;Diffusion;ep-950566ec-667c-4667-a26a-43377bee38d5;WMTS-TMS;2026-08-23T00:00:00.000Z;2026-09-22T00:00:00.000Z;2026-09-07T00:00:00.000Z;2026-09-09T00:00:00.000Z;partial_coverage;0.06666666666666667;3;3;Activité observée du 2026-09-07T00:00:00.000Z au 2026-09-09T00:00:00.000Z, soit 3 jour(s) actif(s) sur une période demandée de 30 jour(s). Cette valeur reflète l'activité réelle constatée, pas une limite technique de l'API.;16;2152
producer;offering;Couche IGN_Prod-10 · IGN_Prod;;;IGN_Prod;ds-e8e54917-41a5-412c-997d-8e754468d105;Couche IGN_Prod-10;off-d7fc7267-23b2-4b97-aef6-acad0c486329;Diffusion;ep-950566ec-667c-4667-a26a-43377bee38d5;WMS-RASTER;2026-08-23T00:00:00.000Z;2026-09-22T00:00:00.000Z;2026-08-23T00:00:00.000Z;2026-09-21T00:00:00.000Z;complete_coverage;0.9666666666666667;30;30;Activité observée du 2026-08-23T00:00:00.000Z au 2026-09-21T00:00:00.000Z, soit 30 jour(s) actif(s) sur une période demandée de 30 jour(s). Cette valeur reflète l'activité réelle constatée, pas une limite technique de l'API.;436;109268
producer;offering;Couche IGN_Prod-11 · IGN_Prod;;;IGN_Prod;ds-e8e54917-41a5-412c-997d-8e754468d105;Couche IGN_Prod-11;off-be6705ff-63eb-4bbe-8bfb-c3156684ce38;Diffusion;ep-950566ec-667c-4667-a26a-43377bee38d5;WMTS-TMS;2026-08-23T00:00:00.000Z;2026-09-22T00:00:00.000Z;;;not_connected;;;0;Cet objet n'est pas raccordé à la route Stats (réponse HTTP 404).;0;0
producer;offering;Couche IGN_Prod-12 · IGN_Prod;;;IGN_Prod;ds-e8e54917-41a5-412c-997d-8e754468d105;Couche IGN_Prod-12;off-c1d1ed16-e165-46d3-92f8-c89040c22f52;Diffusion;ep-950566ec-667c-4667-a26a-43377bee38d5;WMTS-TMS;2026-08-23T00:00:00.000Z;2026-09-22T00:00:00.000Z;2026-08-23T00:00:00.000Z;2026-09-21T00:00:00.000Z;complete_coverage;0.9666666666666667;30;30;Activité observée du 2026-08-23T00:00:00.000Z au 2026-09-21T00:00:00.000Z, soit 30 jour(s) actif(s) sur une période demandée de 30 jour(s). Cette valeur reflète l'activité réelle constatée, pas une limite technique de l'API.;353;89253
producer;offering;Couche IGN_Prod-13 · IGN_Prod;;;IGN_Prod;ds-e8e54917-41a5-412c-997d-8e754468d105;Couche IGN_Prod-13;off-d52465d0-f3d6-483d-bd9c-834a3dec1b04;Diffusion;ep-950566ec-667c-4667-a26a-43377bee38d5;WMS-VECTOR;2026-08-23T00:00:00.000Z;2026-09-22T00:00:00.000Z;2026-09-07T00:00:00.000Z;2026-09-12T00:00:00.000Z;partial_coverage;0.16666666666666666;6;6;Activité observée du 2026-09-07T00:00:00.000Z au 2026-09-12T00:00:00.000Z, soit 6 jour(s) actif(s) sur une période demandée de 30 jour(s). Cette valeur reflète l'activité réelle constatée, pas une limite technique de l'API.;68;13906
producer;offering;Couche IGN_Prod-14 · IGN_Prod;;;IGN_Prod;ds-e8e54917-41a5-412c-997d-8e754468d105;Couche IGN_Prod-14;off-7d4d759b-c24c-475d-b681-7e1640eddbde;Diffusion;ep-f48bc594-2291-45b1-a8c3-9045747ba99d;WMS-VECTOR;2026-08-23T00:00:00.000Z;2026-09-22T00:00:00.000Z;;;no_temporal_detail;;;0;Le détail temporel a été demandé mais l'API n'a renvoyé aucun point : seul le total sur la période est exploitable.;11;2777
producer;offering;Couche IGN_Prod-15 · IGN_Prod;;;IGN_Prod;ds-e8e54917-41a5-412c-997d-8e754468d105;Couche IGN_Prod-15;off-7f194c1e-83fe-4391-bd07-81d4fd9122b5;Diffusion;ep-f48bc594-2291-45b1-a8c3-9045747ba99d;WMS-VECTOR;2026-08-23T00:00:00.000Z;2026-09-22T00:00:00.000Z;2026-08-23T00:00:00.000Z;2026-09-21T00:00:00.000Z;complete_coverage;0.9666666666666667;30;30;Activité observée du 2026-08-23T00:00:00.000Z au 2026-09-21T00:00:00.000Z, soit 30 jour(s) actif(s) sur une période demandée de 30 jour(s). Cette valeur reflète l'activité réelle constatée, pas une limite technique de l'API.;396;81270
producer;offering;Couche IGN_Prod-16 · IGN_Prod;;;IGN_Prod;ds-e8e54917-41a5-412c-997d-8e754468d105;Couche IGN_Prod-16;off-5ef9abc5-b291-4ba6-87f5-2c414c82de37;Diffusion;ep-f48bc594-2291-45b1-a8c3-9045747ba99d;WMTS-TMS;2026-08-23T00:00:00.000Z;2026-09-22T00:00:00.000Z;2026-09-04T00:00:00.000Z;2026-09-06T00:00:00.000Z;partial_coverage;0.06666666666666667;3;3;Activité observée du 2026-09-04T00:00:00.000Z au 2026-09-06T00:00:00.000Z, soit 3 jour(s) actif(s) sur une période demandée de 30 jour(s). Cette valeur reflète l'activité réelle constatée, pas une limite technique de l'API.;39;8737
producer;offering;Couche IGN_Prod-17 · IGN_Prod;;;IGN_Prod;ds-e8e54917-41a5-412c-997d-8e754468d105;Couche IGN_Prod-17;off-da9bd4fc-b537-44f5-8ac7-ba0769c52385;Diffusion;ep-950566ec-667c-4667-a26a-43377bee38d5;WMTS-TMS;2026-08-23T00:00:00.000Z;2026-09-22T00:00:00.000Z;2026-09-02T00:00:00.000Z;2026-09-10T00:00:00.000Z;partial_coverage;0.26666666666666666;9;9;Activité observée du 2026-09-02T00:00:00.000Z au 2026-09-10T00:00:00.000Z, soit 9 jour(s) actif(s) sur une période demandée de 30 jour(s). Cette valeur reflète l'activité réelle constatée, pas une limite technique de l'API.;53;10339
producer;offering;Couche IGN_Prod-18 · IGN_Prod;;;IGN_Prod;ds-e8e54917-41a5-412c-997d-8e754468d105;Couche IGN_Prod-18;off-77182c36-02d7-4fd4-9833-34a91b6ef645;Diffusion;ep-f48bc594-2291-45b1-a8c3-9045747ba99d;WFS;2026-08-23T00:00:00.000Z;2026-09-22T00:00:00.000Z;;;not_connected;;;0;Cet objet n'est pas raccordé à la route Stats (réponse HTTP 404).;0;0
producer;offering;Couche IGN_Prod-19 · IGN_Prod;;;IGN_Prod;ds-e8e54917-41a5-412c-997d-8e754468d105;Couche IGN_Prod-19;off-d7f42333-5c70-4837-a2bf-e9d2d02e5726;Diffusion;ep-f48bc594-2291-45b1-a8c3-9045747ba99d;WMTS-TMS;2026-08-23T00:00:00.000Z;2026-09-22T00:00:00.000Z;2026-09-09T00:00:00.000Z;2026-09-14T00:00:00.000Z;partial_coverage;0.16666666666666666;6;6;Activité observée du 2026-09-09T00:00:00.000Z au 2026-09-14T00:00:00.000Z, soit 6 jour(s) actif(s) sur une période demandée de 30 jour(s). Cette valeur reflète l'activité réelle constatée, pas une limite technique de l'API.;54;11245
producer;offering;Couche IGN_Prod-20 · IGN_Prod;;;IGN_Prod;ds-e8e54917-41a5-412c-997d-8e754468d105;Couche IGN_Prod-20;off-367b14ef-eeef-4c15-96bb-3e471a473d3b;Diffusion;ep-f48bc594-2291-45b1-a8c3-9045747ba99d;WFS;2026-08-23T00:00:00.000Z;2026-09-22T00:00:00.000Z;;;no_temporal_detail;;;0;Le détail temporel a été demandé mais l'API n'a renvoyé aucun point : seul le total sur la période est exploitable.;40;4430
producer;offering;Couche IGN_Prod-21 · IGN_Prod;;;IGN_Prod;ds-e8e54917-41a5-412c-997d-8e754468d105;Couche IGN_Prod-21;off-753ff491-2bad-4e81-807b-b31630f2eba7;Diffusion;ep-f48bc594-2291-45b1-a8c3-9045747ba99d;WMS-RASTER;2026-08-23T00:00:00.000Z;2026-09-22T00:00:00.000Z;;;no_usage;;0;0;Aucun usage n'a été enregistré sur la période demandée.;0;0
producer;offering;Couche IGN_Prod-22 · IGN_Prod;;;IGN_Prod;ds-e8e54917-41a5-412c-997d-8e754468d105;Couche IGN_Prod-22;off-84114ef6-cd2b-4ca3-aca1-78d728a23e90;Diffusion;ep-950566ec-667c-4667-a26a-43377bee38d5;WMTS-TMS;2026-08-23T00:00:00.000Z;2026-09-22T00:00:00.000Z;;;not_connected;;;0;Cet objet n'est pas raccordé à la route Stats (réponse HTTP 404).;0;0
producer;offering;Couche IGN_Prod-23 · IGN_Prod;;;IGN_Prod;ds-e8e54917-41a5-412c-997d-8e754468d105;Couche IGN_Prod-23;off-53029f0c-8f28-4b2c-bd14-fe54e83c792e;Diffusion;ep-950566ec-667c-4667-a26a-43377bee38d5;WMTS-TMS;2026-08-23T00:00:00.000Z;2026-09-22T00:00:00.000Z;;;no_temporal_detail;;;0;Le détail temporel a été demandé mais l'API n'a renvoyé aucun point : seul le total sur la période est exploitable.;23;4730
producer;producer_permission;Couche IGN_Prod-14 + Couche IGN_Prod-17 + Couche IGN_Prod-23 · IGN_Prod;Couche IGN_Prod-14 + Couche IGN_Prod-17 + Couche IGN_Prod-23;perm-0b0e2960-cbc5-42ad-8224-762e791a9c4f;IGN_Prod;ds-e8e54917-41a5-412c-997d-8e754468d105;;;;;;2026-08-23T00:00:00.000Z;2026-09-22T00:00:00.000Z;2026-08-23T00:00:00.000Z;2026-09-21T00:00:00.000Z;complete_coverage;0.9666666666666667;21;21;Activité observée du 2026-08-23T00:00:00.000Z au 2026-09-21T00:00:00.000Z, soit 21 jour(s) actif(s) sur une période demandée de 30 jour(s). Cette valeur reflète l'activité réelle constatée, pas une limite technique de l'API.;82;22580
producer;producer_permission;Couche IGN_Prod-15 + Couche IGN_Prod-21 + Couche IGN_Prod-22 · IGN_Prod;Couche IGN_Prod-15 + Couche IGN_Prod-21 + Couche IGN_Prod-22;perm-2e493ae7-a428-4184-addc-1a61b005a301;IGN_Prod;ds-e8e54917-41a5-412c-997d-8e754468d105;;;;;;2026-08-23T00:00:00.000Z;2026-09-22T00:00:00.000Z;2026-08-23T00:00:00.000Z;2026-09-21T00:00:00.000Z;complete_coverage;0.9666666666666667;30;30;Activité observée du 2026-08-23T00:00:00.000Z au 2026-09-21T00:00:00.000Z, soit 30 jour(s) actif(s) sur une période demandée de 30 jour(s). Cette valeur reflète l'activité réelle constatée, pas une limite technique de l'API.;212;51912
producer;producer_permission;Couche IGN_Prod-14 + Couche IGN_Prod-21 + Couche IGN_Prod-15 · IGN_Prod;Couche IGN_Prod-14 + Couche IGN_Prod-21 + Couche IGN_Prod-15;perm-fc062089-a995-4a75-bc78-b23429ce9b21;IGN_Prod;ds-e8e54917-41a5-412c-997d-8e754468d105;;;;;;2026-08-23T00:00:00.000Z;2026-09-22T00:00:00.000Z;2026-08-23T00:00:00.000Z;2026-09-21T00:00:00.000Z;complete_coverage;0.9666666666666667;30;30;Activité observée du 2026-08-23T00:00:00.000Z au 2026-09-21T00:00:00.000Z, soit 30 jour(s) actif(s) sur une période demandée de 30 jour(s). Cette valeur reflète l'activité réelle constatée, pas une limite technique de l'API.;251;61436
producer;endpoint;Diffusion ep-e6937 · IGN_Sandbox;;;IGN_Sandbox;ds-1a454e05-7963-4ca3-915d-e72ff26b12a2;;;Diffusion ep-e6937;ep-e6937e46-9757-4da9-a1b4-69114ade8316;WMS-VECTOR;2026-08-23T00:00:00.000Z;2026-09-22T00:00:00.000Z;2026-08-23T00:00:00.000Z;2026-09-21T00:00:00.000Z;complete_coverage;0.9666666666666667;30;30;Activité observée du 2026-08-23T00:00:00.000Z au 2026-09-21T00:00:00.000Z, soit 30 jour(s) actif(s) sur une période demandée de 30 jour(s). Cette valeur reflète l'activité réelle constatée, pas une limite technique de l'API.;936;230685
producer;endpoint;Diffusion ep-c5896 · IGN_Sandbox;;;IGN_Sandbox;ds-1a454e05-7963-4ca3-915d-e72ff26b12a2;;;Diffusion ep-c5896;ep-c58965e1-b45e-4b57-b53b-860978f67308;WMS-RASTER;2026-08-23T00:00:00.000Z;2026-09-22T00:00:00.000Z;2026-08-23T00:00:00.000Z;2026-09-21T00:00:00.000Z;complete_coverage;0.9666666666666667;30;30;Activité observée du 2026-08-23T00:00:00.000Z au 2026-09-21T00:00:00.000Z, soit 30 jour(s) actif(s) sur une période demandée de 30 jour(s). Cette valeur reflète l'activité réelle constatée, pas une limite technique de l'API.;680;149960
producer;offering;Couche IGN_Sandbox-0 · IGN_Sandbox;;;IGN_Sandbox;ds-1a454e05-7963-4ca3-915d-e72ff26b12a2;Couche IGN_Sandbox-0;off-31847f58-1801-4a27-b3a4-ea8ccd946b66;Diffusion;ep-c58965e1-b45e-4b57-b53b-860978f67308;WMS-VECTOR;2026-08-23T00:00:00.000Z;2026-09-22T00:00:00.000Z;;;no_usage;;0;0;Aucun usage n'a été enregistré sur la période demandée.;0;0
producer;offering;Couche IGN_Sandbox-1 · IGN_Sandbox;;;IGN_Sandbox;ds-1a454e05-7963-4ca3-915d-e72ff26b12a2;Couche IGN_Sandbox-1;off-9e766366-125d-45b7-9fc4-e3b4db91192e;Diffusion;ep-e6937e46-9757-4da9-a1b4-69114ade8316;WMS-VECTOR;2026-08-23T00:00:00.000Z;2026-09-22T00:00:00.000Z;;;no_temporal_detail;;;0;Le détail temporel a été demandé mais l'API n'a renvoyé aucun point : seul le total sur la période est exploitable.;19;4949
producer;offering;Couche IGN_Sandbox-2 · IGN_Sandbox;;;IGN_Sandbox;ds-1a454e05-7963-4ca3-915d-e72ff26b12a2;Couche IGN_Sandbox-2;off-69aad3c8-5ffe-4714-a893-9ed0fa1bbe95;Diffusion;ep-e6937e46-9757-4da9-a1b4-69114ade8316;WMTS-TMS;2026-08-23T00:00:00.000Z;2026-09-22T00:00:00.000Z;2026-09-11T00:00:00.000Z;2026-09-15T00:00:00.000Z;partial_coverage;0.13333333333333333;5;5;Activité observée du 2026-09-11T00:00:00.000Z au 2026-09-15T00:00:00.000Z, soit 5 jour(s) actif(s) sur une période demandée de 30 jour(s). Cette valeur reflète l'activité réelle constatée, pas une limite technique de l'API.;80;12524
producer;offering;Couche IGN_Sandbox-3 · IGN_Sandbox;;;IGN_Sandbox;ds-1a454e05-7963-4ca3-915d-e72ff26b12a2;Couche IGN_Sandbox-3;off-b1173abb-2561-4393-a315-3d11a49041ec;Diffusion;ep-e6937e46-9757-4da9-a1b4-69114ade8316;WMTS-TMS;2026-08-23T00:00:00.000Z;2026-09-22T00:00:00.000Z;2026-08-23T00:00:00.000Z;2026-09-21T00:00:00.000Z;complete_coverage;0.9666666666666667;30;30;Activité observée du 2026-08-23T00:00:00.000Z au 2026-09-21T00:00:00.000Z, soit 30 jour(s) actif(s) sur une période demandée de 30 jour(s). Cette valeur reflète l'activité réelle constatée, pas une limite technique de l'API.;237;57959
producer;offering;Couche IGN_Sandbox-4 · IGN_Sandbox;;;IGN_Sandbox;ds-1a454e05-7963-4ca3-915d-e72ff26b12a2;Couche IGN_Sandbox-4;off-a6b4ed50-6dc8-4c36-9a07-cf71ac3314a0;Diffusion;ep-e6937e46-9757-4da9-a1b4-69114ade8316;WMS-RASTER;2026-08-23T00:00:00.000Z;2026-09-22T00:00:00.000Z;2026-09-06T00:00:00.000Z;2026-09-14T00:00:00.000Z;partial_coverage;0.26666666666666666;9;9;Activité observée du 2026-09-06T00:00:00.000Z au 2026-09-14T00:00:00.000Z, soit 9 jour(s) actif(s) sur une période demandée de 30 jour(s). Cette valeur reflète l'activité réelle constatée, pas une limite technique de l'API.;48;13500
producer;offering;Couche IGN_Sandbox-5 · IGN_Sandbox;;;IGN_Sandbox;ds-1a454e05-7963-4ca3-915d-e72ff26b12a2;Couche IGN_Sandbox-5;off-50467818-9ac4-4ec1-9662-62daa8281541;Diffusion;ep-e6937e46-9757-4da9-a1b4-69114ade8316;WMS-VECTOR;2026-08-23T00:00:00.000Z;2026-09-22T00:00:00.000Z;2026-09-11T00:00:00.000Z;2026-09-18T00:00:00.000Z;partial_coverage;0.23333333333333334;8;8;Activité observée du 2026-09-11T00:00:00.000Z au 2026-09-18T00:00:00.000Z, soit 8 jour(s) actif(s) sur une période demandée de 30 jour(s). Cette valeur reflète l'activité réelle constatée, pas une limite technique de l'API.;123;33187
producer;offering;Couche IGN_Sandbox-6 · IGN_Sandbox;;;IGN_Sandbox;ds-1a454e05-7963-4ca3-915d-e72ff26b12a2;Couche IGN_Sandbox-6;off-5cb7d8c3-9b74-4d0f-aecc-0fb35d70530c;Diffusion;ep-c58965e1-b45e-4b57-b53b-860978f67308;WMS-RASTER;2026-08-23T00:00:00.000Z;2026-09-22T00:00:00.000Z;;;not_connected;;;0;Cet objet n'est pas raccordé à la route Stats (réponse HTTP 404).;0;0
producer;offering;Couche IGN_Sandbox-7 · IGN_Sandbox;;;IGN_Sandbox;ds-1a454e05-7963-4ca3-915d-e72ff26b12a2;Couche IGN_Sandbox-7;off-c9917f36-bcb5-43af-b51d-762f3f219be5;Diffusion;ep-c58965e1-b45e-4b57-b53b-860978f67308;WFS;2026-08-23T00:00:00.000Z;2026-09-22T00:00:00.000Z;2026-09-08T00:00:00.000Z;2026-09-11T00:00:00.000Z;partial_coverage;0.1;3;3;Activité observée du 2026-09-08T00:00:00.000Z au 2026-09-11T00:00:00.000Z, soit 3 jour(s) actif(s) sur une période demandée de 30 jour(s). Cette valeur reflète l'activité réelle constatée, pas une limite technique de l'API.;15;3653
producer;offering;Couche IGN_Sandbox-8 · IGN_Sandbox;;;IGN_Sandbox;ds-1a454e05-7963-4ca3-915d-e72ff26b12a2;Couche IGN_Sandbox-8;off-03704d02-2b46-4283-bdf3-1cd0126d2337;Diffusion;ep-e6937e46-9757-4da9-a1b4-69114ade8316;WMS-VECTOR;2026-08-23T00:00:00.000Z;2026-09-22T00:00:00.000Z;;;no_usage;;0;0;Aucun usage n'a été enregistré sur la période demandée.;0;0
producer;offering;Couche IGN_Sandbox-9 · IGN_Sandbox;;;IGN_Sandbox;ds-1a454e05-7963-4ca3-915d-e72ff26b12a2;Couche IGN_Sandbox-9;off-69f40e56-018b-47b1-90e4-78f728fa3446;Diffusion;ep-c58965e1-b45e-4b57-b53b-860978f67308;WMTS-TMS;2026-08-23T00:00:00.000Z;2026-09-22T00:00:00.000Z;2026-08-23T00:00:00.000Z;2026-09-21T00:00:00.000Z;complete_coverage;0.9666666666666667;30;30;Activité observée du 2026-08-23T00:00:00.000Z au 2026-09-21T00:00:00.000Z, soit 30 jour(s) actif(s) sur une période demandée de 30 jour(s). Cette valeur reflète l'activité réelle constatée, pas une limite technique de l'API.;351;78480
producer;offering;Couche IGN_Sandbox-10 · IGN_Sandbox;;;IGN_Sandbox;ds-1a454e05-7963-4ca3-915d-e72ff26b12a2;Couche IGN_Sandbox-10;off-88bc545a-89b0-4798-a294-36498e4071d9;Diffusion;ep-e6937e46-9757-4da9-a1b4-69114ade8316;WMS-RASTER;2026-08-23T00:00:00.000Z;2026-09-22T00:00:00.000Z;;;no_usage;;0;0;Aucun usage n'a été enregistré sur la période demandée.;0;0
producer;offering;Couche IGN_Sandbox-11 · IGN_Sandbox;;;IGN_Sandbox;ds-1a454e05-7963-4ca3-915d-e72ff26b12a2;Couche IGN_Sandbox-11;off-0bdd5bb5-5031-4fd0-bb04-b83aedec1ab4;Diffusion;ep-e6937e46-9757-4da9-a1b4-69114ade8316;WMS-VECTOR;2026-08-23T00:00:00.000Z;2026-09-22T00:00:00.000Z;;;not_connected;;;0;Cet objet n'est pas raccordé à la route Stats (réponse HTTP 404).;0;0
producer;offering;Couche IGN_Sandbox-12 · IGN_Sandbox;;;IGN_Sandbox;ds-1a454e05-7963-4ca3-915d-e72ff26b12a2;Couche IGN_Sandbox-12;off-e6c70c09-1f8b-4e86-bb1e-f935cae8c60a;Diffusion;ep-e6937e46-9757-4da9-a1b4-69114ade8316;WMS-RASTER;2026-08-23T00:00:00.000Z;2026-09-22T00:00:00.000Z;;;no_usage;;0;0;Aucun usage n'a été enregistré sur la période demandée.;0;0
producer;offering;Couche IGN_Sandbox-13 · IGN_Sandbox;;;IGN_Sandbox;ds-1a454e05-7963-4ca3-915d-e72ff26b12a2;Couche IGN_Sandbox-13;off-8e8fda1c-a792-41d8-a873-a2886caad8b3;Diffusion;ep-e6937e46-9757-4da9-a1b4-69114ade8316;WMS-RASTER;2026-08-23T00:00:00.000Z;2026-09-22T00:00:00.000Z;2026-09-02T00:00:00.000Z;2026-09-04T00:00:00.000Z;partial_coverage;0.06666666666666667;3;3;Activité observée du 2026-09-02T00:00:00.000Z au 2026-09-04T00:00:00.000Z, soit 3 jour(s) actif(s) sur une période demandée de 30 jour(s). Cette valeur reflète l'activité réelle constatée, pas une limite technique de l'API.;43;5209
producer;offering;Couche IGN_Sandbox-14 · IGN_Sandbox;;;IGN_Sandbox;ds-1a454e05-7963-4ca3-915d-e72ff26b12a2;Couche IGN_Sandbox-14;off-b2f1b4fb-c769-4872-862b-9857eaab3737;Diffusion;ep-c58965e1-b45e-4b57-b53b-860978f67308;WMS-RASTER;2026-08-23T00:00:00.000Z;2026-09-22T00:00:00.000Z;2026-09-05T00:00:00.000Z;2026-09-12T00:00:00.000Z;partial_coverage;0.23333333333333334;8;8;Activité observée du 2026-09-05T00:00:00.000Z au 2026-09-12T00:00:00.000Z, soit 8 jour(s) actif(s) sur une période demandée de 30 jour(s). Cette valeur reflète l'activité réelle constatée, pas une limite technique de l'API.;78;18990
producer;offering;Couche IGN_Sandbox-15 · IGN_Sandbox;;;IGN_Sandbox;ds-1a454e05-7963-4ca3-915d-e72ff26b12a2;Couche IGN_Sandbox-15;off-f2982822-3f75-4463-a8f2-94c2e2e25deb;Diffusion;ep-e6937e46-9757-4da9-a1b4-69114ade8316;WFS;2026-08-23T00:00:00.000Z;2026-09-22T00:00:00.000Z;2026-09-07T00:00:00.000Z;2026-09-11T00:00:00.000Z;partial_coverage;0.13333333333333333;5;5;Activité observée du 2026-09-07T00:00:00.000Z au 2026-09-11T00:00:00.000Z, soit 5 jour(s) actif(s) sur une période demandée de 30 jour(s). Cette valeur reflète l'activité réelle constatée, pas une limite technique de l'API.;57;9464
producer;offering;Couche IGN_Sandbox-16 · IGN_Sandbox;;;IGN_Sandbox;ds-1a454e05-7963-4ca3-915d-e72ff26b12a2;Couche IGN_Sandbox-16;off-3f403b2e-de4c-41ce-af76-fd1710b9de1b;Diffusion;ep-e6937e46-9757-4da9-a1b4-69114ade8316;WFS;2026-08-23T00:00:00.000Z;2026-09-22T00:00:00.000Z;2026-08-23T00:00:00.000Z;2026-09-21T00:00:00.000Z;complete_coverage;0.9666666666666667;30;30;Activité observée du 2026-08-23T00:00:00.000Z au 2026-09-21T00:00:00.000Z, soit 30 jour(s) actif(s) sur une période demandée de 30 jour(s). Cette valeur reflète l'activité réelle constatée, pas une limite technique de l'API.;405;86035
producer;producer_permission;Couche IGN_Sandbox-14 + Couche IGN_Sandbox-11 + Couche IGN_Sandbox-12 · IGN_Sandbox;Couche IGN_Sandbox-14 + Couche IGN_Sandbox-11 + Couche IGN_Sandbox-12;perm-9eeb2189-7567-4628-9a72-a5f5df6a0d49;IGN_Sandbox;ds-1a454e05-7963-4ca3-915d-e72ff26b12a2;;;;;;2026-08-23T00:00:00.000Z;2026-09-22T00:00:00.000Z;2026-08-23T00:00:00.000Z;2026-09-21T00:00:00.000Z;complete_coverage;0.9666666666666667;30;30;Activité observée du 2026-08-23T00:00:00.000Z au 2026-09-21T00:00:00.000Z, soit 30 jour(s) actif(s) sur une période demandée de 30 jour(s). Cette valeur reflète l'activité réelle constatée, pas une limite technique de l'API.;216;45018
producer;producer_permission;Couche IGN_Sandbox-14 + Couche IGN_Sandbox-11 + Couche IGN_Sandbox-16 · IGN_Sandbox;Couche IGN_Sandbox-14 + Couche IGN_Sandbox-11 + Couche IGN_Sandbox-16;perm-f9f48417-4fd1-4948-a0d4-046242586fc6;IGN_Sandbox;ds-1a454e05-7963-4ca3-915d-e72ff26b12a2;;;;;;2026-08-23T00:00:00.000Z;2026-09-22T00:00:00.000Z;2026-08-23T00:00:00.000Z;2026-09-21T00:00:00.000Z;complete_coverage;0.9666666666666667;27;27;Activité observée du 2026-08-23T00:00:00.000Z au 2026-09-21T00:00:00.000Z, soit 27 jour(s) actif(s) sur une période demandée de 30 jour(s). Cette valeur reflète l'activité réelle constatée, pas une limite technique de l'API.;146;35118
producer;producer_permission;Couche IGN_Sandbox-15 + Couche IGN_Sandbox-13 + Couche IGN_Sandbox-9 · IGN_Sandbox;Couche IGN_Sandbox-15 + Couche IGN_Sandbox-13 + Couche IGN_Sandbox-9;perm-e227ee42-b704-4400-8ffe-ad897b1bd078;IGN_Sandbox;ds-1a454e05-7963-4ca3-915d-e72ff26b12a2;;;;;;2026-08-23T00:00:00.000Z;2026-09-22T00:00:00.000Z;2026-08-23T00:00:00.000Z;2026-09-21T00:00:00.000Z;complete_coverage;0.9666666666666667;30;30;Activité observée du 2026-08-23T00:00:00.000Z au 2026-09-21T00:00:00.000Z, soit 30 jour(s) actif(s) sur une période demandée de 30 jour(s). Cette valeur reflète l'activité réelle constatée, pas une limite technique de l'API.;134;26716
consumer;consumer_permission;Couche IGN_Prod-12 + Couche IGN_Prod-14 + Couche IGN_Sandbox-3 + Couche IGN_Recette-11;Couche IGN_Prod-12 + Couche IGN_Prod-14 + Couche IGN_Sandbox-3 + Couche IGN_Recette-11;perm-34edcb54-76ac-49b5-9769-2cbc92286903;;;;;;;WMTS-TMS;2026-08-23T00:00:00.000Z;2026-09-22T00:00:00.000Z;2026-08-23T00:00:00.000Z;2026-09-21T00:00:00.000Z;complete_coverage;0.9666666666666667;30;30;Activité observée du 2026-08-23T00:00:00.000Z au 2026-09-21T00:00:00.000Z, soit 30 jour(s) actif(s) sur une période demandée de 30 jour(s). Cette valeur reflète l'activité réelle constatée, pas une limite technique de l'API.;222;52184
consumer;consumer_permission;Couche IGN_Sandbox-11 + Couche IGN_Sandbox-14 + Couche IGN_Sandbox-13 + Couche IGN_Prod-22;Couche IGN_Sandbox-11 + Couche IGN_Sandbox-14 + Couche IGN_Sandbox-13 + Couche IGN_Prod-22;perm-e2c1da02-3163-4b4a-85e0-b501ce25e65b;;;;;;;WMS-VECTOR;2026-08-23T00:00:00.000Z;2026-09-22T00:00:00.000Z;2026-08-23T00:00:00.000Z;2026-09-20T00:00:00.000Z;partial_coverage;0.9333333333333333;23;23;Activité observée du 2026-08-23T00:00:00.000Z au 2026-09-20T00:00:00.000Z, soit 23 jour(s) actif(s) sur une période demandée de 30 jour(s). Cette valeur reflète l'activité réelle constatée, pas une limite technique de l'API.;113;31549
consumer;consumer_permission;Couche IGN_Sandbox-15 + Couche IGN_Recette-16 + Couche IGN_Prod-0 + Couche IGN_Prod-19;Couche IGN_Sandbox-15 + Couche IGN_Recette-16 + Couche IGN_Prod-0 + Couche IGN_Prod-19;perm-a22901c5-72f8-4af8-a34d-3dc03f9c02c4;;;;;;;WMS-RASTER;2026-08-23T00:00:00.000Z;2026-09-22T00:00:00.000Z;2026-08-24T00:00:00.000Z;2026-09-21T00:00:00.000Z;complete_coverage;0.9333333333333333;27;27;Activité observée du 2026-08-24T00:00:00.000Z au 2026-09-21T00:00:00.000Z, soit 27 jour(s) actif(s) sur une période demandée de 30 jour(s). Cette valeur reflète l'activité réelle constatée, pas une limite technique de l'API.;126;29577
consumer;consumer_permission;Couche IGN_Prod-1 + Couche IGN_Recette-4 + Couche IGN_Sandbox-12 + Couche IGN_Sandbox-2;Couche IGN_Prod-1 + Couche IGN_Recette-4 + Couche IGN_Sandbox-12 + Couche IGN_Sandbox-2;perm-eb389b39-6ead-46e2-8117-cae4a474325d;;;;;;;WFS;2026-08-23T00:00:00.000Z;2026-09-22T00:00:00.000Z;2026-08-23T00:00:00.000Z;2026-09-21T00:00:00.000Z;complete_coverage;0.9666666666666667;30;30;Activité observée du 2026-08-23T00:00:00.000Z au 2026-09-21T00:00:00.000Z, soit 30 jour(s) actif(s) sur une période demandée de 30 jour(s). Cette valeur reflète l'activité réelle constatée, pas une limite technique de l'API.;152;35257
