series_level;series_key;label;datastore_name;datastore_id;service_type;period_key;analysis_grain;hits;data_transfer;contributor_count;incomplete;group_id;group_name
user_group;76bebe51-e192-4da2-b756-9d62a0845fce;Diffusion grand public;;;;2026-08-23;day;6;984;1;True;76bebe51-e192-4da2-b756-9d62a0845fce;Diffusion grand public
user_group;76bebe51-e192-4da2-b756-9d62a0845fce;Diffusion grand public;;;;2026-08-24;day;5;1175;1;True;76bebe51-e192-4da2-b756-9d62a0845fce;Diffusion grand public
user_group;76bebe51-e192-4da2-b756-9d62a0845fce;Diffusion grand public;;;;2026-08-25;day;5;910;1;True;76bebe51-e192-4da2-b756-9d62a0845fce;Diffusion grand public
user_group;76bebe51-e192-4da2-b756-9d62a0845fce;Diffusion grand public;;;;2026-08-26;day;8;1624;1;True;76bebe51-e192-4da2-b756-9d62a0845fce;Diffusion grand public
user_group;76bebe51-e192-4da2-b756-9d62a0845fce;Diffusion grand public;;;;2026-08-27;day;8;1776;1;True;76bebe51-e192-4da2-b756-9d62a0845fce;Diffusion grand public
user_group;76bebe51-e192-4da2-b756-9d62a0845fce;Diffusion grand public;;;;2026-08-28;day;9;2727;1;True;76bebe51-e192-4da2-b756-9d62a0845fce;Diffusion grand public
user_group;76bebe51-e192-4da2-b756-9d62a0845fce;Diffusion grand public;;;;2026-08-29;day;7;1792;1;True;76bebe51-e192-4da2-b756-9d62a0845fce;Diffusion grand public
user_group;76bebe51-e192-4da2-b756-9d62a0845fce;Diffusion grand public;;;;2026-08-30;day;9;3510;1;True;76bebe51-e192-4da2-b756-9d62a0845fce;Diffusion grand public
user_group;76bebe51-e192-4da2-b756-9d62a0845fce;Diffusion grand public;;;;2026-08-31;day;8;2776;1;True;76bebe51-e192-4da2-b756-9d62a0845fce;Diffusion grand public
user_group;76bebe51-e192-4da2-b756-9d62a0845fce;Diffusion grand public;;;;2026-09-01;day;4;864;1;True;76bebe51-e192-4da2-b756-9d62a0845fce;Diffusion grand public
user_group;76bebe51-e192-4da2-b756-9d62a0845fce;Diffusion grand public;;;;2026-09-02;day;5;1385;1;True;76bebe51-e192-4da2-b756-9d62a0845fce;Diffusion grand public
user_group;76bebe51-e192-4da2-b756-9d62a0845fce;Diffusion grand public;;;;2026-09-03;day;4;848;1;True;76bebe51-e192-4da2-b756-9d62a0845fce;Diffusion grand public
user_group;76bebe51-e192-4da2-b756-9d62a0845fce;Diffusion grand public;;;;2026-09-04;day;19;4508;2;True;76bebe51-e192-4da2-b756-9d62a0845fce;Diffusion grand public
user_group;76bebe51-e192-4da2-b756-9d62a0845fce;Diffusion grand public;;;;2026-09-05;day;34;9403;4;True;76bebe51-e192-4da2-b756-9d62a0845fce;Diffusion grand public
user_group;76bebe51-e192-4da2-b756-9d62a0845fce;Diffusion grand public;;;;2026-09-06;day;38;9789;4;True;76bebe51-e192-4da2-b756-9d62a0845fce;Diffusion grand public
user_group;76bebe51-e192-4da2-b756-9d62a0845fce;Diffusion grand public;;;;2026-09-07;day;42;11000;4;True;76bebe51-e192-4da2-b756-9d62a0845fce;Diffusion grand public
user_group;76bebe51-e192-4da2-b756-9d62a0845fce;Diffusion grand public;;;;2026-09-08;day;31;6692;3;True;76bebe51-e192-4da2-b756-9d62a0845fce;Diffusion grand public
user_group;76bebe51-e192-4da2-b756-9d62a0845fce;Diffusion grand public;;;;2026-09-09;day;18;2622;2;True;76bebe51-e192-4da2-b756-9d62a0845fce;Diffusion grand public
user_group;76bebe51-e192-4da2-b756-9d62a0845fce;Diffusion grand public;;;;2026-09-10;day;20;5603;2;True;76bebe51-e192-4da2-b756-9d62a0845fce;Diffusion grand public
user_group;76bebe51-e192-4da2-b756-9d62a0845fce;Diffusion grand public;;;;2026-09-11;day;2;734;1;True;76bebe51-e192-4da2-b756-9d62a0845fce;Diffusion grand public
user_group;76bebe51-e192-4da2-b756-9d62a0845fce;Diffusion grand public;;;;2026-09-12;day;3;1065;1;True;76bebe51-e192-4da2-b756-9d62a0845fce;Diffusion grand public
user_group;76bebe51-e192-4da2-b756-9d62a0845fce;Diffusion grand public;;;;2026-09-13;day;6;1344;1;True;76bebe51-e192-4da2-b756-9d62a0845fce;Diffusion grand public
user_group;76bebe51-e192-4da2-b756-9d62a0845fce;Diffusion grand public;;;;2026-09-14;day;3;639;1;True;76bebe51-e192-4da2-b756-9d62a0845fce;Diffusion grand public
user_group;76bebe51-e192-4da2-b756-9d62a0845fce;Diffusion grand public;;;;2026-09-15;day;7;1001;1;True;76bebe51-e192-4da2-b756-9d62a0845fce;Diffusion grand public
user_group;76bebe51-e192-4da2-b756-9d62a0845fce;Diffusion grand public;;;;2026-09-16;day;6;558;1;True;76bebe51-e192-4da2-b756-9d62a0845fce;Diffusion grand public
user_group;76bebe51-e192-4da2-b756-9d62a0845fce;Diffusion grand public;;;;2026-09-17;day;7;1904;1;True;76bebe51-e192-4da2-b756-9d62a0845fce;Diffusion grand public
user_group;76bebe51-e192-4da2-b756-9d62a0845fce;Diffusion grand public;;;;2026-09-18;day;9;1818;1;True;76bebe51-e192-4da2-b756-9d62a0845fce;Diffusion grand public
user_group;76bebe51-e192-4da2-b756-9d62a0845fce;Diffusion grand public;;;;2026-09-19;day;4;908;1;True;76bebe51-e192-4da2-b756-9d62a0845fce;Diffusion grand public
user_group;76bebe51-e192-4da2-b756-9d62a0845fce;Diffusion grand public;;;;2026-09-20;day;5;1010;1;True;76bebe51-e192-4da2-b756-9d62a0845fce;Diffusion grand public
user_group;76bebe51-e192-4da2-b756-9d62a0845fce;Diffusion grand public;;;;2026-09-21;day;5;1035;1;True;76bebe51-e192-4da2-b756-9d62a0845fce;Diffusion grand public
user_group;e03415b2-478c-4b77-9592-b543d6f255d8;Flux vecteur partenaires;;;;2026-08-23;day;17;2431;1;True;e03415b2-478c-4b77-9592-b543d6f255d8;Flux vecteur partenaires
user_group;e03415b2-478c-4b77-9592-b543d6f255d8;Flux vecteur partenaires;;;;2026-08-24;day;15;1905;1;True;e03415b2-478c-4b77-9592-b543d6f255d8;Flux vecteur partenaires
user_group;e03415b2-478c-4b77-9592-b543d6f255d8;Flux vecteur partenaires;;;;2026-08-25;day;9;1359;1;True;e03415b2-478c-4b77-9592-b543d6f255d8;Flux vecteur partenaires
user_group;e03415b2-478c-4b77-9592-b543d6f255d8;Flux vecteur partenaires;;;;2026-08-26;day;9;2223;1;True;e03415b2-478c-4b77-9592-b543d6f255d8;Flux vecteur partenaires
user_group;e03415b2-478c-4b77-9592-b543d6f255d8;Flux vecteur partenaires;;;;2026-08-27;day;9;1836;1;True;e03415b2-478c-4b77-9592-b543d6f255d8;Flux vecteur partenaires
user_group;e03415b2-478c-4b77-9592-b543d6f255d8;Flux vecteur partenaires;;;;2026-08-28;day;16;1328;1;True;e03415b2-478c-4b77-9592-b543d6f255d8;Flux vecteur partenaires
user_group;e03415b2-478c-4b77-9592-b543d6f255d8;Flux vecteur partenaires;;;;2026-08-29;day;18;5436;1;True;e03415b2-478c-4b77-9592-b543d6f255d8;Flux vecteur partenaires
user_group;e03415b2-478c-4b77-9592-b543d6f255d8;Flux vecteur partenaires;;;;2026-08-30;day;14;3024;1;True;e03415b2-478c-4b77-9592-b543d6f255d8;Flux vecteur partenaires
user_group;e03415b2-478c-4b77-9592-b543d6f255d8;Flux vecteur partenaires;;;;2026-08-31;day;13;1235;1;True;e03415b2-478c-4b77-9592-b543d6f255d8;Flux vecteur partenaires
user_group;e03415b2-478c-4b77-9592-b543d6f255d8;Flux vecteur partenaires;;;;2026-09-01;day;15;2955;1;True;e03415b2-478c-4b77-9592-b543d6f255d8;Flux vecteur partenaires
user_group;e03415b2-478c-4b77-9592-b543d6f255d8;Flux vecteur partenaires;;;;2026-09-02;day;18;6570;1;True;e03415b2-478c-4b77-9592-b543d6f255d8;Flux vecteur partenaires
user_group;e03415b2-478c-4b77-9592-b543d6f255d8;Flux vecteur partenaires;;;;2026-09-03;day;11;3069;1;True;e03415b2-478c-4b77-9592-b543d6f255d8;Flux vecteur partenaires
user_group;e03415b2-478c-4b77-9592-b543d6f255d8;Flux vecteur partenaires;;;;2026-09-04;day;21;4965;2;True;e03415b2-478c-4b77-9592-b543d6f255d8;Flux vecteur partenaires
user_group;e03415b2-478c-4b77-9592-b543d6f255d8;Flux vecteur partenaires;;;;2026-09-05;day;34;4578;2;True;e03415b2-478c-4b77-9592-b543d6f255d8;Flux vecteur partenaires
user_group;e03415b2-478c-4b77-9592-b543d6f255d8;Flux vecteur partenaires;;;;2026-09-06;day;27;7361;2;True;e03415b2-478c-4b77-9592-b543d6f255d8;Flux vecteur partenaires
user_group;e03415b2-478c-4b77-9592-b543d6f255d8;Flux vecteur partenaires;;;;2026-09-07;day;24;4662;2;True;e03415b2-478c-4b77-9592-b543d6f255d8;Flux vecteur partenaires
user_group;e03415b2-478c-4b77-9592-b543d6f255d8;Flux vecteur partenaires;;;;2026-09-08;day;31;5114;3;True;e03415b2-478c-4b77-9592-b543d6f255d8;Flux vecteur partenaires
user_group;e03415b2-478c-4b77-9592-b543d6f255d8;Flux vecteur partenaires;;;;2026-09-09;day;34;6124;3;True;e03415b2-478c-4b77-9592-b543d6f255d8;Flux vecteur partenaires
user_group;e03415b2-478c-4b77-9592-b543d6f255d8;Flux vecteur partenaires;;;;2026-09-10;day;26;4430;2;True;e03415b2-478c-4b77-9592-b543d6f255d8;Flux vecteur partenaires
user_group;e03415b2-478c-4b77-9592-b543d6f255d8;Flux vecteur partenaires;;;;2026-09-11;day;22;6743;3;True;e03415b2-478c-4b77-9592-b543d6f255d8;Flux vecteur partenaires
user_group;e03415b2-478c-4b77-9592-b543d6f255d8;Flux vecteur partenaires;;;;2026-09-12;day;14;4438;1;True;e03415b2-478c-4b77-9592-b543d6f255d8;Flux vecteur partenaires
user_group;e03415b2-478c-4b77-9592-b543d6f255d8;Flux vecteur partenaires;;;;2026-09-13;day;9;2718;1;True;e03415b2-478c-4b77-9592-b543d6f255d8;Flux vecteur partenaires
user_group;e03415b2-478c-4b77-9592-b543d6f255d8;Flux vecteur partenaires;;;;2026-09-14;day;12;3936;1;True;e03415b2-478c-4b77-9592-b543d6f255d8;Flux vecteur partenaires
user_group;e03415b2-478c-4b77-9592-b543d6f255d8;Flux vecteur partenaires;;;;2026-09-15;day;18;2124;1;True;e03415b2-478c-4b77-9592-b543d6f255d8;Flux vecteur partenaires
user_group;e03415b2-478c-4b77-9592-b543d6f255d8;Flux vecteur partenaires;;;;2026-09-16;day;14;4634;1;True;e03415b2-478c-4b77-9592-b543d6f255d8;Flux vecteur partenaires
user_group;e03415b2-478c-4b77-9592-b543d6f255d8;Flux vecteur partenaires;;;;2026-09-17;day;18;3960;1;True;e03415b2-478c-4b77-9592-b543d6f255d8;Flux vecteur partenaires
user_group;e03415b2-478c-4b77-9592-b543d6f255d8;Flux vecteur partenaires;;;;2026-09-18;day;14;4522;1;True;e03415b2-478c-4b77-9592-b543d6f255d8;Flux vecteur partenaires
user_group;e03415b2-478c-4b77-9592-b543d6f255d8;Flux vecteur partenaires;;;;2026-09-19;day;13;1534;1;True;e03415b2-478c-4b77-9592-b543d6f255d8;Flux vecteur partenaires
user_group;e03415b2-478c-4b77-9592-b543d6f255d8;Flux vecteur partenaires;;;;2026-09-20;day;15;1335;1;True;e03415b2-478c-4b77-9592-b543d6f255d8;Flux vecteur partenaires
user_group;e03415b2-478c-4b77-9592-b543d6f255d8;Flux vecteur partenaires;;;;2026-09-21;day;10;1430;1;True;e03415b2-478c-4b77-9592-b543d6f255d8;Flux vecteur partenaires
