group_id;group_name;offering_id;offering_name;datastore_name;service_type
76bebe51-e192-4da2-b756-9d62a0845fce;Diffusion grand public;off-df6bddce-ad4d-4b04-8758-42a66a8b92e4;Couche IGN_Recette-1;IGN_Recette;WMS-RASTER
76bebe51-e192-4da2-b756-9d62a0845fce;Diffusion grand public;off-20bbade0-3194-4709-a27c-3be57c72c8b1;Couche IGN_Recette-4;IGN_Recette;WMTS-TMS
76bebe51-e192-4da2-b756-9d62a0845fce;Diffusion grand public;off-298d31f8-ea3e-41ae-b851-82d8895805d4;Couche IGN_Recette-5;IGN_Recette;WMS-RASTER
76bebe51-e192-4da2-b756-9d62a0845fce;Diffusion grand public;off-fdfe5f95-0ea8-4d0d-ba47-ded06adffdff;Couche IGN_Recette-6;IGN_Recette;WMTS-TMS
76bebe51-e192-4da2-b756-9d62a0845fce;Diffusion grand public;off-08a7ecbb-9164-41e9-81f9-4daef34b1f2f;Couche IGN_Recette-7;IGN_Recette;WMS-RASTER
76bebe51-e192-4da2-b756-9d62a0845fce;Diffusion grand public;off-9f8fea34-2c1d-497f-8680-0bac50c60d09;Couche IGN_Recette-8;IGN_Recette;WMS-RASTER
76bebe51-e192-4da2-b756-9d62a0845fce;Diffusion grand public;off-1958817c-f226-4500-850b-4632943c228d;Couche IGN_Recette-9;IGN_Recette;WMTS-TMS
76bebe51-e192-4da2-b756-9d62a0845fce;Diffusion grand public;off-765023b9-50c7-4bba-a1c1-8b8952c268f3;Couche IGN_Recette-10;IGN_Recette;WMTS-TMS
76bebe51-e192-4da2-b756-9d62a0845fce;Diffusion grand public;off-cb853890-0f58-4600-8821-619ff3ac5c49;Couche IGN_Recette-11;IGN_Recette;WMS-RASTER
76bebe51-e192-4da2-b756-9d62a0845fce;Diffusion grand public;off-706a1109-c1de-49df-9e04-1c0c813ec566;Couche IGN_Recette-12;IGN_Recette;WMS-RASTER
76bebe51-e192-4da2-b756-9d62a0845fce;Diffusion grand public;off-d16f2397-dc1a-4973-a6ab-e274c4b7ab69;Couche IGN_Recette-16;IGN_Recette;WMTS-TMS
76bebe51-e192-4da2-b756-9d62a0845fce;Diffusion grand public;off-30389255-b015-461a-9649-5ad3c3a18711;Couche IGN_Prod-2;IGN_Prod;WMTS-TMS
e03415b2-478c-4b77-9592-b543d6f255d8;Flux vecteur partenaires;off-c2d02461-5493-4862-8417-f911b2f21640;Couche IGN_Recette-2;IGN_Recette;WFS
e03415b2-478c-4b77-9592-b543d6f255d8;Flux vecteur partenaires;off-a96d9215-3fa4-49ad-9c9a-39fa608aba4e;Couche IGN_Prod-0;IGN_Prod;WFS
e03415b2-478c-4b77-9592-b543d6f255d8;Flux vecteur partenaires;off-7e252d88-20cd-4119-bf90-30bda0cb94a9;Couche IGN_Prod-7;IGN_Prod;WFS
e03415b2-478c-4b77-9592-b543d6f255d8;Flux vecteur partenaires;off-77182c36-02d7-4fd4-9833-34a91b6ef645;Couche IGN_Prod-18;IGN_Prod;WFS
e03415b2-478c-4b77-9592-b543d6f255d8;Flux vecteur partenaires;off-367b14ef-eeef-4c15-96bb-3e471a473d3b;Couche IGN_Prod-20;IGN_Prod;WFS
e03415b2-478c-4b77-9592-b543d6f255d8;Flux vecteur partenaires;off-c9917f36-bcb5-43af-b51d-762f3f219be5;Couche IGN_Sandbox-7;IGN_Sandbox;WFS
e03415b2-478c-4b77-9592-b543d6f255d8;Flux vecteur partenaires;off-f2982822-3f75-4463-a8f2-94c2e2e25deb;Couche IGN_Sandbox-15;IGN_Sandbox;WFS
e03415b2-478c-4b77-9592-b543d6f255d8;Flux vecteur partenaires;off-3f403b2e-de4c-41ce-af76-fd1710b9de1b;Couche IGN_Sandbox-16;IGN_Sandbox;WFS
e03415b2-478c-4b77-9592-b543d6f255d8;Flux vecteur partenaires;off-df6bddce-ad4d-4b04-8758-42a66a8b92e4;Couche IGN_Recette-1;IGN_Recette;WMS-RASTER
